group,celltype,PC1,PC2
sim=cosine__emode=topk__k=50__walks=5__wlen=6__dim=64__ep=20__win=4__mc=5__seed=42,unknown,24.473830907332797,37.82491691368254
sim=cosine__emode=topk__k=50__walks=5__wlen=6__dim=64__ep=20__win=4__mc=5__seed=42,unknown,315.81290539971377,3.4411558958238024
sim=cosine__emode=topk__k=50__walks=5__wlen=6__dim=64__ep=20__win=4__mc=5__seed=42,unknown,-171.5718732590373,-41.3792268842493
sim=cosine__emode=topk__k=50__walks=5__wlen=6__dim=64__ep=20__win=4__mc=5__seed=42,unknown,-74.18204985454412,-11.028941820369143
sim=cosine__emode=topk__k=50__walks=5__wlen=6__dim=64__ep=20__win=4__mc=5__seed=42,unknown,197.72168621935168,3.949748732590725
sim=cosine__emode=topk__k=50__walks=5__wlen=6__dim=64__ep=20__win=4__mc=5__seed=42,unknown,-140.5265294329448,29.971826489118797
sim=cosine__emode=topk__k=50__walks=5__wlen=6__dim=64__ep=20__win=4__mc=5__seed=42,unknown,-194.33341182094955,22.432296821318022
sim=cosine__emode=topk__k=50__walks=5__wlen=6__dim=64__ep=20__win=4__mc=5__seed=42,unknown,-197.37640544356267,-39.58366917805513
sim=cosine__emode=topk__k=50__walks=5__wlen=6__dim=64__ep=20__win=4__mc=5__seed=42,unknown,-89.40094666202822,16.71745490658615
sim=cosine__emode=topk__k=50__walks=5__wlen=6__dim=64__ep=20__win=4__mc=5__seed=42,unknown,200.99135904988333,18.043495902390045
sim=cosine__emode=topk__k=50__walks=5__wlen=6__dim=64__ep=20__win=4__mc=5__seed=42,unknown,23.476202902113354,45.80335030172383
sim=cosine__emode=topk__k=50__walks=5__wlen=6__dim=64__ep=20__win=4__mc=5__seed=42,unknown,-144.59012034828996,30.71965011614648
sim=cosine__emode=topk__k=50__walks=5__wlen=6__dim=64__ep=20__win=4__mc=5__seed=42,unknown,-94.57417446837567,32.77295359384503
sim=cosine__emode=topk__k=50__walks=5__wlen=6__dim=64__ep=20__win=4__mc=5__seed=42,unknown,-141.95311308150792,10.862579137316104
sim=cosine__emode=topk__k=50__walks=5__wlen=6__dim=64__ep=20__win=4__mc=5__seed=42,unknown,190.1908169681222,42.07722099972523
sim=cosine__emode=topk__k=50__walks=5__wlen=6__dim=64__ep=20__win=4__mc=5__seed=42,unknown,-281.74686116875665,24.0947509188341
sim=cosine__emode=topk__k=50__walks=5__wlen=6__dim=64__ep=20__win=4__mc=5__seed=42,unknown,-115.83289375061979,33.72685354954497
sim=cosine__emode=topk__k=50__walks=5__wlen=6__dim=64__ep=20__win=4__mc=5__seed=42,unknown,292.99203941995074,-0.9452594916950684
sim=cosine__emode=topk__k=50__walks=5__wlen=6__dim=64__ep=20__win=4__mc=5__seed=42,unknown,-137.2546492320801,-10.135606787287502
sim=cosine__emode=topk__k=50__walks=5__wlen=6__dim=64__ep=20__win=4__mc=5__seed=42,unknown,184.48283098802432,2.443416812469231
sim=cosine__emode=topk__k=50__walks=5__wlen=6__dim=64__ep=20__win=4__mc=5__seed=42,unknown,-28.109325031290016,-16.222573086877773
sim=cosine__emode=topk__k=50__walks=5__wlen=6__dim=64__ep=20__win=4__mc=5__seed=42,unknown,-67.43230147327918,3.556957448667477
sim=cosine__emode=topk__k=50__walks=5__wlen=6__dim=64__ep=20__win=4__mc=5__seed=42,unknown,-110.32638934621846,-43.18154531148839
sim=cosine__emode=topk__k=50__walks=5__wlen=6__dim=64__ep=20__win=4__mc=5__seed=42,unknown,79.98941687312606,-10.069227091435454
sim=cosine__emode=topk__k=50__walks=5__wlen=6__dim=64__ep=20__win=4__mc=5__seed=42,unknown,-122.44956513714469,40.750716245981494
sim=cosine__emode=topk__k=50__walks=5__wlen=6__dim=64__ep=20__win=4__mc=5__seed=42,unknown,237.91463017599588,28.80906733905873
sim=cosine__emode=topk__k=50__walks=5__wlen=6__dim=64__ep=20__win=4__mc=5__seed=42,unknown,14.893192141463791,-67.44428264542631
sim=cosine__emode=topk__k=50__walks=5__wlen=6__dim=64__ep=20__win=4__mc=5__seed=42,unknown,246.7195016119461,-16.935389039896446
sim=cosine__emode=topk__k=50__walks=5__wlen=6__dim=64__ep=20__win=4__mc=5__seed=42,unknown,-78.55293060257223,31.95206477121684
sim=cosine__emode=topk__k=50__walks=5__wlen=6__dim=64__ep=20__win=4__mc=5__seed=42,unknown,129.87228383684922,49.08952719108724
sim=cosine__emode=topk__k=50__walks=5__wlen=6__dim=64__ep=20__win=4__mc=5__seed=42,unknown,-66.51283726221057,26.136154258925497
sim=cosine__emode=topk__k=50__walks=5__wlen=6__dim=64__ep=20__win=4__mc=5__seed=42,unknown,245.90639957464268,-16.681583176162082
sim=cosine__emode=topk__k=50__walks=5__wlen=6__dim=64__ep=20__win=4__mc=5__seed=42,unknown,-85.47161972131002,26.303054614337356
sim=cosine__emode=topk__k=50__walks=5__wlen=6__dim=64__ep=20__win=4__mc=5__seed=42,unknown,-5.640767793072434,32.181127707916716
sim=cosine__emode=topk__k=50__walks=5__wlen=6__dim=64__ep=20__win=4__mc=5__seed=42,unknown,88.17310323499082,53.24542068480297
sim=cosine__emode=topk__k=50__walks=5__wlen=6__dim=64__ep=20__win=4__mc=5__seed=42,unknown,243.9667914823823,22.062993101626628
sim=cosine__emode=topk__k=50__walks=5__wlen=6__dim=64__ep=20__win=4__mc=5__seed=42,unknown,74.3257700852109,12.839531852952128
sim=cosine__emode=topk__k=50__walks=5__wlen=6__dim=64__ep=20__win=4__mc=5__seed=42,unknown,151.41173600275613,48.37124113164088
sim=cosine__emode=topk__k=50__walks=5__wlen=6__dim=64__ep=20__win=4__mc=5__seed=42,unknown,-20.64603232028799,28.68745386779523
sim=cosine__emode=topk__k=50__walks=5__wlen=6__dim=64__ep=20__win=4__mc=5__seed=42,unknown,-33.920278659200505,-38.2016946979468
sim=cosine__emode=topk__k=50__walks=5__wlen=6__dim=64__ep=20__win=4__mc=5__seed=42,unknown,24.044487148678698,40.86958191573042
sim=cosine__emode=topk__k=50__walks=5__wlen=6__dim=64__ep=20__win=4__mc=5__seed=42,unknown,-128.01449034113696,31.67121377795603
sim=cosine__emode=topk__k=50__walks=5__wlen=6__dim=64__ep=20__win=4__mc=5__seed=42,unknown,65.071659204238,33.17767655979627
sim=cosine__emode=topk__k=50__walks=5__wlen=6__dim=64__ep=20__win=4__mc=5__seed=42,unknown,36.87272771609666,35.70879948379855
sim=cosine__emode=topk__k=50__walks=5__wlen=6__dim=64__ep=20__win=4__mc=5__seed=42,unknown,175.6253361374293,-41.235424552414706
sim=cosine__emode=topk__k=50__walks=5__wlen=6__dim=64__ep=20__win=4__mc=5__seed=42,unknown,101.85756910141703,-41.394337956786146
sim=cosine__emode=topk__k=50__walks=5__wlen=6__dim=64__ep=20__win=4__mc=5__seed=42,unknown,141.24319215837014,-26.45642528294601
sim=cosine__emode=topk__k=50__walks=5__wlen=6__dim=64__ep=20__win=4__mc=5__seed=42,unknown,-127.79402220129244,23.561076568209632
sim=cosine__emode=topk__k=50__walks=5__wlen=6__dim=64__ep=20__win=4__mc=5__seed=42,unknown,65.64666004863827,37.01921137243008
sim=cosine__emode=topk__k=50__walks=5__wlen=6__dim=64__ep=20__win=4__mc=5__seed=42,unknown,180.94929703102298,-83.13144527019469
sim=cosine__emode=topk__k=50__walks=5__wlen=6__dim=64__ep=20__win=4__mc=5__seed=42,unknown,16.057916925728613,-21.494041644800085
sim=cosine__emode=topk__k=50__walks=5__wlen=6__dim=64__ep=20__win=4__mc=5__seed=42,unknown,-235.28863984075952,-55.763950496003396
sim=cosine__emode=topk__k=50__walks=5__wlen=6__dim=64__ep=20__win=4__mc=5__seed=42,unknown,-302.4780263044549,34.92285166009594
sim=cosine__emode=topk__k=50__walks=5__wlen=6__dim=64__ep=20__win=4__mc=5__seed=42,unknown,17.873064670157998,-24.528626622268153
sim=cosine__emode=topk__k=50__walks=5__wlen=6__dim=64__ep=20__win=4__mc=5__seed=42,unknown,259.39982995893195,-7.3718698676203545
sim=cosine__emode=topk__k=50__walks=5__wlen=6__dim=64__ep=20__win=4__mc=5__seed=42,unknown,-158.12908736743827,-40.10955537075645
sim=cosine__emode=topk__k=50__walks=5__wlen=6__dim=64__ep=20__win=4__mc=5__seed=42,unknown,8.806569929327416,34.05288751034833
sim=cosine__emode=topk__k=50__walks=5__wlen=6__dim=64__ep=20__win=4__mc=5__seed=42,unknown,-159.26757436642868,16.307399532277106
sim=cosine__emode=topk__k=50__walks=5__wlen=6__dim=64__ep=20__win=4__mc=5__seed=42,unknown,-95.92281699281915,-71.38632657331364
sim=cosine__emode=topk__k=50__walks=5__wlen=6__dim=64__ep=20__win=4__mc=5__seed=42,unknown,6.759482476980479,-4.2234653772148745
sim=cosine__emode=topk__k=50__walks=5__wlen=6__dim=64__ep=20__win=4__mc=5__seed=42,unknown,-72.33289478539726,7.869580893617512
sim=cosine__emode=topk__k=50__walks=5__wlen=6__dim=64__ep=20__win=4__mc=5__seed=42,unknown,280.59326351607587,-6.180666481343606
sim=cosine__emode=topk__k=50__walks=5__wlen=6__dim=64__ep=20__win=4__mc=5__seed=42,unknown,-13.485819954692237,-89.49827062246038
sim=cosine__emode=topk__k=50__walks=5__wlen=6__dim=64__ep=20__win=4__mc=5__seed=42,unknown,-131.62209207542367,-4.0976070563882585
sim=cosine__emode=topk__k=50__walks=5__wlen=6__dim=64__ep=20__win=4__mc=5__seed=42,unknown,167.76192614257297,-23.42770759953367
sim=cosine__emode=topk__k=50__walks=5__wlen=6__dim=64__ep=20__win=4__mc=5__seed=42,unknown,-115.03105800386325,23.418366272481137
sim=cosine__emode=topk__k=50__walks=5__wlen=6__dim=64__ep=20__win=4__mc=5__seed=42,unknown,80.08577167649091,30.023191992487348
sim=cosine__emode=topk__k=50__walks=5__wlen=6__dim=64__ep=20__win=4__mc=5__seed=42,unknown,-298.69654045011606,27.747036170082122
sim=cosine__emode=topk__k=50__walks=5__wlen=6__dim=64__ep=20__win=4__mc=5__seed=42,unknown,209.11999879476005,-13.932217906961974
sim=cosine__emode=topk__k=50__walks=5__wlen=6__dim=64__ep=20__win=4__mc=5__seed=42,unknown,235.1058705995181,4.042674941704908
sim=cosine__emode=topk__k=50__walks=5__wlen=6__dim=64__ep=20__win=4__mc=5__seed=42,unknown,-35.90338716561244,-56.39225848254387
sim=cosine__emode=topk__k=50__walks=5__wlen=6__dim=64__ep=20__win=4__mc=5__seed=42,unknown,70.72253734715392,31.38961775673258
sim=cosine__emode=topk__k=50__walks=5__wlen=6__dim=64__ep=20__win=4__mc=5__seed=42,unknown,-33.598068747191206,-65.38726818075955
sim=cosine__emode=topk__k=50__walks=5__wlen=6__dim=64__ep=20__win=4__mc=5__seed=42,unknown,-33.80326237544769,11.537669567076305
sim=cosine__emode=topk__k=50__walks=5__wlen=6__dim=64__ep=20__win=4__mc=5__seed=42,unknown,69.20255274042482,42.095578109605206
sim=cosine__emode=topk__k=50__walks=5__wlen=6__dim=64__ep=20__win=4__mc=5__seed=42,unknown,-170.50785672978068,13.637287831198593
sim=cosine__emode=topk__k=50__walks=5__wlen=6__dim=64__ep=20__win=4__mc=5__seed=42,unknown,-125.53403733504064,-53.258483254085874
sim=cosine__emode=topk__k=50__walks=5__wlen=6__dim=64__ep=20__win=4__mc=5__seed=42,unknown,217.20929707433476,25.96093952577644
sim=cosine__emode=topk__k=50__walks=5__wlen=6__dim=64__ep=20__win=4__mc=5__seed=42,unknown,-149.8444390010212,-77.39872045777254
sim=cosine__emode=topk__k=50__walks=5__wlen=6__dim=64__ep=20__win=4__mc=5__seed=42,unknown,-169.3253666355435,47.56235515191312
sim=cosine__emode=topk__k=50__walks=5__wlen=6__dim=64__ep=20__win=4__mc=5__seed=42,unknown,52.71467407061095,-48.964627849012594
sim=cosine__emode=topk__k=50__walks=5__wlen=6__dim=64__ep=20__win=4__mc=5__seed=42,unknown,116.19632715919916,-53.66723754347588
sim=cosine__emode=topk__k=50__walks=5__wlen=6__dim=64__ep=20__win=4__mc=5__seed=42,unknown,-120.58651852678005,11.846466256102639
sim=cosine__emode=topk__k=50__walks=5__wlen=6__dim=64__ep=20__win=4__mc=5__seed=42,unknown,41.31182699437865,41.9697083345471
sim=cosine__emode=topk__k=50__walks=5__wlen=6__dim=64__ep=20__win=4__mc=5__seed=42,unknown,-127.8607205183604,-104.31343765122647
sim=cosine__emode=topk__k=50__walks=5__wlen=6__dim=64__ep=20__win=4__mc=5__seed=42,unknown,-153.47331354986355,20.37230108906398
sim=cosine__emode=topk__k=50__walks=5__wlen=6__dim=64__ep=20__win=4__mc=5__seed=42,unknown,-4.350142645974103,-69.58974110837099
sim=cosine__emode=topk__k=50__walks=5__wlen=6__dim=64__ep=20__win=4__mc=5__seed=42,unknown,-235.85974291597168,33.21765299496621
sim=cosine__emode=topk__k=50__walks=5__wlen=6__dim=64__ep=20__win=4__mc=5__seed=42,unknown,17.568659203298065,-23.83539415597746
